first name,last name,email
John,Doe,john.doe@email.com
Jane,Smith,jane.smith@email.com
Peter,Jones,peter.jones@email.com
Alice,Williams,alice.williams@email.com
Bob,Brown,bob.brown@email.com
Catherine,Davis,catherine.davis@email.com
David,Miller,david.miller@email.com
Elizabeth,Wilson,elizabeth.wilson@email.com
Frank,Moore,frank.moore@email.com
Grace,Taylor,grace.taylor@email.com
Henry,Anderson,henry.anderson@email.com
Isabella,Thomas,isabella.thomas@email.com
Jacob,Jackson,jacob.jackson@email.com
Karen,White,karen.white@email.com
Leo,Harris,leo.harris@email.com
Mia,Martin,mia.martin@email.com
Noah,Thompson,noah.thompson@email.com
Olivia,Garcia,olivia.garcia@email.com
Paul,Martinez,paul.martinez@email.com
Quinn,Robinson,quinn.robinson@email.com